{"cameraMode":{"drawMode":0,"name":"Shaded","section":"Shading Mode"},"sceneLighting":false,"audioPlay":false,"sceneViewState":{"showFog":false,"showMaterialUpdate":false,"showSkybox":false,"showFlares":false,"showImageEffects":false,"showParticleSystems":true},"in2DMode":false,"pivot":{"x":-0.0031124353408813478,"y":1.0453696250915528,"z":-0.0031123459339141847},"rotation":{"x":-0.18496330082416535,"y":0.6628832817077637,"z":-0.1740763783454895,"w":-0.7043237090110779},"size":2.4478843212127687,"orthographic":false}