{"cameraMode":{"drawMode":0,"name":"Shaded","section":"Shading Mode"},"sceneLighting":true,"audioPlay":false,"sceneViewState":{"showFog":false,"showMaterialUpdate":false,"showSkybox":false,"showFlares":false,"showImageEffects":false,"showParticleSystems":true},"in2DMode":false,"pivot":{"x":1.8005001544952393,"y":1.2148253917694092,"z":3.879455089569092},"rotation":{"x":-0.18496330082416535,"y":0.6628832817077637,"z":-0.1740763783454895,"w":-0.7043237090110779},"size":5.678446292877197,"orthographic":false}