{"cameraMode":{"drawMode":0,"name":"Shaded","section":"Shading Mode"},"sceneLighting":true,"audioPlay":false,"sceneViewState":{"showFog":false,"showMaterialUpdate":false,"showSkybox":false,"showFlares":false,"showImageEffects":false,"showParticleSystems":true},"in2DMode":false,"pivot":{"x":1.566807746887207,"y":-0.18646574020385743,"z":0.4158754348754883},"rotation":{"x":0.14211542904376985,"y":0.7163651585578919,"z":-0.15292194485664369,"w":0.6657620668411255},"size":22.0,"orthographic":false}