{"cameraMode":{"drawMode":0,"name":"Shaded","section":"Shading Mode"},"sceneLighting":true,"audioPlay":false,"sceneViewState":{"showFog":false,"showMaterialUpdate":false,"showSkybox":false,"showFlares":false,"showImageEffects":false,"showParticleSystems":true},"in2DMode":false,"pivot":{"x":-4.2646589279174809,"y":-2.247800350189209,"z":7.31458044052124},"rotation":{"x":0.16949787735939027,"y":-0.361787348985672,"z":0.06706927716732025,"w":0.9142659306526184},"size":12.282779693603516,"orthographic":false}