{"cameraMode":{"drawMode":0,"name":"Shaded","section":"Shading Mode"},"sceneLighting":false,"audioPlay":false,"sceneViewState":{"showFog":false,"showMaterialUpdate":false,"showSkybox":false,"showFlares":false,"showImageEffects":false,"showParticleSystems":true},"in2DMode":false,"pivot":{"x":-0.0031124353408813478,"y":1.0453696250915528,"z":-0.0031123459339141847},"rotation":{"x":0.14211541414260865,"y":0.7163650989532471,"z":-0.15292194485664369,"w":0.6657620668411255},"size":3.9478840827941896,"orthographic":false}