{"cameraMode":{"drawMode":0,"name":"Shaded","section":"Shading Mode"},"sceneLighting":false,"audioPlay":false,"sceneViewState":{"showFog":false,"showMaterialUpdate":false,"showSkybox":false,"showFlares":false,"showImageEffects":false,"showParticleSystems":true},"in2DMode":false,"pivot":{"x":0.021000027656555177,"y":0.419495552778244,"z":0.021000027656555177},"rotation":{"x":0.14211541414260865,"y":0.7163650989532471,"z":-0.15292194485664369,"w":0.6657620668411255},"size":4.482989311218262,"orthographic":false}