{"cameraMode":{"drawMode":0,"name":"Shaded","section":"Shading Mode"},"sceneLighting":false,"audioPlay":false,"sceneViewState":{"showFog":false,"showMaterialUpdate":false,"showSkybox":false,"showFlares":false,"showImageEffects":false,"showParticleSystems":true},"in2DMode":false,"pivot":{"x":0.9518237113952637,"y":0.5949656367301941,"z":0.8816081881523132},"rotation":{"x":0.21193575859069825,"y":-0.3480074405670166,"z":0.0810806006193161,"w":0.9096153974533081},"size":3.0685105323791506,"orthographic":false}