{"cameraMode":{"drawMode":0,"name":"Shaded","section":"Shading Mode"},"sceneLighting":true,"audioPlay":false,"sceneViewState":{"showFog":false,"showMaterialUpdate":false,"showSkybox":false,"showFlares":false,"showImageEffects":false,"showParticleSystems":true},"in2DMode":false,"pivot":{"x":41.37470626831055,"y":-4.2345967292785648,"z":-16.714176177978517},"rotation":{"x":0.043778229504823688,"y":0.8605479001998901,"z":-0.0750671997666359,"w":0.501902163028717},"size":57.41907501220703,"orthographic":false}